{"potential": 71.07937002962731, "value_eur": 2844103.5916627683, "wage_eur": 8995.737824211237, "age": 25.210821768283175, "international_reputation": 1.094183689380945, "shooting": 53.19356515411404, "passing": 57.61037475960289, "dribbling": 62.720619574821974, "physic": 64.95368782161235, "attacking_short_passing": 58.867976506055406, "skill_curve": 47.2689328967202, "skill_long_passing": 53.07224907739487, "skill_ball_control": 58.472009979728675, "movement_reactions": 61.450023389989084, "power_shot_power": 57.77685950413223, "power_long_shots": 46.642704922293255, "mentality_vision": 53.96460314985186, "mentality_composure": 57.92983003274598, "ls": 56.55730547325744, "st": 56.55730547325744, "rs": 56.55730547325744, "lw": 55.671864442018816, "lf": 55.54976869899683, "cf": 55.54976869899683, "rf": 55.54976869899683, "rw": 55.671864442018816, "lam": 57.76412495451947, "cam": 57.76412495451947, "ram": 57.76412495451947, "lm": 58.30469359114299, "lcm": 57.1707469203181, "cm": 57.1707469203181, "rcm": 57.1707469203181, "rm": 58.30469359114299, "lwb": 56.14678517594469, "ldm": 55.720359686054366, "cdm": 55.720359686054366, "rdm": 55.720359686054366, "rwb": 56.14678517594469, "lb": 55.491761526066846, "rb": 55.491761526066846}